{
	"fps": {
		"n": 0,
		"min": 1.7976931348623157e+308,
		"max": -1.7976931348623157e+308,
		"sum": 0,
		"mean": 0,
		"q": 0
	},
	"tear": {
		"n": 0,
		"min": 1.7976931348623157e+308,
		"max": -1.7976931348623157e+308,
		"sum": 0,
		"mean": 0,
		"q": 0
	},
	"early": {
		"n": 0,
		"min": 1.7976931348623157e+308,
		"max": -1.7976931348623157e+308,
		"sum": 0,
		"mean": 0,
		"q": 0
	},
	"stale": {
		"n": 0,
		"min": 1.7976931348623157e+308,
		"max": -1.7976931348623157e+308,
		"sum": 0,
		"mean": 0,
		"q": 0
	},
	"mem": {
		"n": 0,
		"min": 1.7976931348623157e+308,
		"max": -1.7976931348623157e+308,
		"sum": 0,
		"mean": 0,
		"q": 0
	},
	"app": {
		"n": 0,
		"min": 1.7976931348623157e+308,
		"max": -1.7976931348623157e+308,
		"sum": 0,
		"mean": 0,
		"q": 0
	}
}