{
	"fps": {
		"n": 5,
		"min": 72,
		"max": 72,
		"sum": 360,
		"mean": 72,
		"q": 0
	},
	"tear": {
		"n": 5,
		"min": 0,
		"max": 0,
		"sum": 0,
		"mean": 0,
		"q": 0
	},
	"early": {
		"n": 5,
		"min": 0,
		"max": 0,
		"sum": 0,
		"mean": 0,
		"q": 0
	},
	"stale": {
		"n": 5,
		"min": 0,
		"max": 0,
		"sum": 0,
		"mean": 0,
		"q": 0
	},
	"mem": {
		"n": 5,
		"min": 1804,
		"max": 1804,
		"sum": 9020,
		"mean": 1804,
		"q": 0
	},
	"app": {
		"n": 5,
		"min": 4.54,
		"max": 5.29,
		"sum": 24.259999999999998,
		"mean": 4.851999999999999,
		"q": 0.5058799999999999
	}
}